INSERT INTO Stations (station_name, num_of_platforms, station_address, phone_number, city)
VALUES ('Gdañsk Wrzeszcz', 5, 'Ludomira Ró¿yckiego 123', '+48-123-456-789', 'Gdañsk'),
	('Gdañsk G³ówny', 10, 'Podwale Grodzkie 1', '+48-987-654-321', 'Gdañsk'),
	('Gdynia G³ówna', 8, 'Dworcowa 10', '+48-321-654-987', 'Gdynia'),
	('Gdañsk Zaspa', 2, 'Polska 321', '+48-111-222-333', 'Gdañsk'),
	('Wejherowo', 5, 'Wejherowska 2', '+48-333-222-111', 'Wejherowo'),
	('Sopot', 6, 'Dworcowa 7', '+48-555-444-333', 'Sopot'),
    ('Gdynia Red³owo', 4, 'Aleja Zwyciêstwa 250', '+48-444-555-666', 'Gdynia'),
    ('Rumia', 3, 'Dworcowa 10', '+48-777-888-999', 'Rumia'),
    ('Gdañsk Oliwa', 4, 'Grunwaldzka 12', '+48-888-999-000', 'Gdañsk'),
    ('Pruszcz Gdañski', 2, 'Dworcowa 5', '+48-222-333-444', 'Pruszcz Gdañski');

INSERT INTO Passengers (passenger_name, passenger_surname, date_of_birth)
VALUES ('Piotr', 'Cherek', '2005-05-08'),
	('Jan', 'Kowalski', '1983-01-28'),
	('Janina', 'Kowalska', '1999-11-20'),
	('Anna', 'Nowak', '1992-07-19'),
    ('Piotr', 'Wiœniewski', '2000-01-30'),
    ('Katarzyna', 'Zieliñska', '1948-11-22'),
    ('Micha³', 'Lewandowski', '1995-06-15'),
	('Robert', 'Lewandowski', '1880-11-11'),
	('Anna', 'Annowska', '2021-02-09'),
	('Pedro', 'Manuel', '1976-05-23');

INSERT INTO Discounts (name_of_type, discount_percentage, requirements, finish_date)
VALUES ('Polish student ID', 0.37, 'Up to 24 years old polish student with id', NULL),
	('Child', 1.00, 'A child up to 4 years old', NULL),
	('Christmas', 0.50, 'Christmas discount for all passengers traveling home', '2024-12-27'),
	('Senior', 0.25, 'Person over the age of 60', NULL),
	('National Holiday', 0.75, 'Discount for people traveling during national holiday', '2024-12-31'),
	('No Discount', 0, 'Normal Ticket', NULL);

INSERT INTO Base_Prices (price, lower_bound, upper_bound)
VALUES (5.50, 0, 6),
    (6.50, 7, 12),    
    (7.70, 13, 18),
    (9.60, 19, 24),
    (11.00, 25, 30),
	(13.00, 31, 40),    
    (15.00, 41, 50),
    (17.00, 51, 60),
    (20.00, 61, 500);

INSERT INTO SKM_Routes (line_number, starting_station, ending_station, travel_time, num_of_stops, distance_km)
VALUES ('S1', 1, 5, 120.5, 4, 90),
	('S2', 3, 10, 50.0, 3, 43.2),
	('S505', 2, 9, 25.5, 3, 21.0);

INSERT INTO Planned_Schedules (line_number, departure_time, arrival_time, day_of_the_week, day_type, valid_from, valid_to)
VALUES ('S1', '08:00:00', '10:00:30', 'Tuesday', 'Weekday', '2024-01-01', '2024-12-31'),
	('S1', '09:30:00', '11:30:30', 'Saturday', 'Weekend', '2024-01-01', '2024-12-31'),
	('S1', '09:30:00', '11:30:30', 'Sunday', 'Weekend', '2024-01-01', '2024-12-31'),
	('S2', '15:00:00', '15:50:00', 'Monday', 'Weekday', '2024-01-01', '2024-12-31'),
	('S2', '15:00:00', '15:50:00', 'Tuesday', 'Weekday', '2024-01-01', '2024-12-31'),
	('S2', '15:00:00', '15:50:00', 'Wednesday', 'Weekday', '2024-01-01', '2024-12-31'),
	('S2', '15:00:00', '15:50:00', 'Thursday', 'Weekday', '2024-01-01', '2024-12-31'),
	('S2', '15:00:00', '15:50:00', 'Friday', 'Weekday', '2024-01-01', '2024-12-31'),
	('S505', '22:00:00', '22:25:30', 'Friday', 'Holiday', '2024-01-01', '2024-12-31'),
	('S505', '21:00:00', '21:25:30', 'Friday', 'Weekday', '2024-01-01', '2024-12-31');

INSERT INTO Runs (schedule_id, run_date)
VALUES (1, '2024-01-02'),
	(2, '2024-01-06'),
	(3, '2024-01-07'),
	(4, '2024-01-08'),
	(5, '2024-01-02'),
	(6, '2024-01-03'),
	(7, '2024-01-04'),
	(8, '2024-01-05'),
	(9, '2024-05-03'),
	(10, '2024-01-05'),
	(1, '2024-01-09'),
	(2, '2024-01-20'),
	(3, '2024-01-14'),
	(4, '2024-01-22'),
	(5, '2024-01-09');

INSERT INTO Route_Stops (line_number, stop_number, station_id, current_km, current_travel_time, platform_num, stop_duration)
VALUES ('S1', 1, 1, 0.0, 0.0, 1, 3),
    ('S1', 2, 4, 30.0, 40.0, 2, 2),
    ('S1', 3, 3, 60.0, 80.0, 3, 4),
    ('S1', 4, 5, 90.0, 120.5, 4, 5),
    
    ('S2', 1, 3, 0.0, 0.0, 1, 3),
    ('S2', 2, 6, 21.6, 25.0, 2, 2),
    ('S2', 3, 10, 43.2, 50.0, 1, 4),
    
    ('S505', 1, 2, 0.0, 0.0, 1, 2),
    ('S505', 2, 1, 10.5, 12.0, 2, 2),
    ('S505', 3, 9, 21.0, 25.5, 3, 3);

INSERT INTO Tickets (passenger_id, discount_id, run_id, date_of_purchase, starting_station, ending_station)
VALUES (1, 1, 1, '2024-01-01', 1, 5),
    (2, 4, 1, '2024-01-01', 1, 3),
    (3, 4, 2, '2024-01-05', 4, 5),
    (4, 6, 2, '2024-01-05', 3, 5),
    (5, 1, 3, '2024-01-06', 1, 3),
    (6, 4, 4, '2024-01-07', 3, 10),
    (7, 6, 4, '2024-01-07', 3, 6),
    (8, 4, 5, '2024-01-08', 6, 10),
    (9, 2, 6, '2024-01-10', 3, 10),
    (10, 6, 6, '2024-01-10', 3, 6),
    (1, 1, 7, '2024-01-11', 6, 10),
    (2, 6, 8, '2024-01-12', 3, 10),
    (3, 6, 8, '2024-01-12', 3, 10),
    (4, 6, 9, '2024-05-02', 2, 1),
    (5, 1, 9, '2024-05-02', 2, 9),
    (1, 1, 10, '2024-01-05', 1, 9),
    (7, 6, 10, '2024-01-05', 2, 9),
    (8, 4, 1, '2024-01-01', 1, 5),
    (2, 6, 3, '2024-01-06', 4, 5),
    (1, 4, 3, '2024-01-06', 3, 5);

INSERT INTO Stop_Times (run_id, stop_number, station_id, stop_duration, time_of_stop, platform_num, current_travel_time)
VALUES (1, 1, 1, 3.00, '2024-01-02 08:00:00', 1, 0),
(1, 2, 4, 2.00, '2024-01-02 08:41:13', 2, 41.22),
(1, 3, 3, 2.00, '2024-01-02 09:22:56', 3, 82.93),
(1, 4, 5, 5.00, '2024-01-02 10:02:42', 4, 122.7),
(2, 1, 1, 3.00, '2024-01-06 09:30:00', 1, 0),
(2, 2, 4, 2.00, '2024-01-06 10:10:07', 2, 40.12),
(2, 3, 3, 3.50, '2024-01-06 10:49:52', 3, 79.87),
(2, 4, 5, 5.00, '2024-01-06 11:30:53', 4, 120.88),
(3, 1, 1, 3.00, '2024-01-07 09:30:00', 1, 0),
(3, 2, 4, 3.50, '2024-01-07 10:08:32', 2, 38.53),
(3, 3, 3, 4.00, '2024-01-07 10:51:13', 3, 81.22),
(3, 4, 5, 5.00, '2024-01-07 11:32:30', 4, 122.5),
(4, 1, 3, 3.00, '2024-01-08 15:00:00', 1, 0),
(4, 2, 6, 2.00, '2024-01-08 15:25:00', 2, 25),
(4, 3, 10, 4.00, '2024-01-08 15:50:00', 1, 50),
(5, 1, 3, 3.00, '2024-01-02 15:00:00', 1, 0),
(5, 2, 6, 2.00, '2024-01-02 15:25:12', 2, 25.2),
(5, 3, 10, 4.00, '2024-01-02 15:50:06', 1, 50.1),
(6, 1, 3, 3.00, '2024-01-03 15:00:00', 1, 0),
(6, 2, 6, 1.00, '2024-01-03 15:26:21', 2, 26.35),
(6, 3, 10, 4.00, '2024-01-03 15:49:58', 1, 49.97),
(7, 1, 3, 3.00, '2024-01-04 15:00:00', 1, 0),
(7, 2, 6, 2.00, '2024-01-04 15:25:02', 2, 25.03),
(7, 3, 10, 4.00, '2024-01-04 15:50:05', 1, 50.08),
(8, 1, 3, 3.00, '2024-01-05 15:00:00', 1, 0),
(8, 2, 6, 2.00, '2024-01-05 15:24:56', 2, 24.93),
(8, 3, 10, 4.00, '2024-01-05 15:50:01', 1, 50.02),
(9, 1, 2, 2.00, '2024-05-03 22:00:00', 1, 0),
(9, 2, 1, 0.50, '2024-05-03 22:15:46', 2, 15.77),
(9, 3, 9, 3.00, '2024-05-03 22:30:03', 3, 30.05),
(10, 1, 2, 2.00, '2024-01-05 21:00:00', 1, 0),
(10, 2, 1, 1.00, '2024-01-05 21:13:20', 2, 13.33),
(10, 3, 9, 3.00, '2024-01-05 21:26:51', 3, 26.85),
(11, 1, 1, 3.00, '2024-01-09 08:00:00', 1, 0),
(11, 2, 4, 4.00, '2024-01-09 08:38:32', 2, 38.53),
(11, 3, 3, 5.00, '2024-01-09 09:19:23', 3, 79.38),
(11, 4, 5, 5.00, '2024-01-09 10:00:02', 4, 120.03),
(12, 1, 1, 3.00, '2024-01-20 09:30:00', 1, 0),
(12, 2, 4, 2.00, '2024-01-20 10:10:12', 2, 40.2),
(12, 3, 3, 4.00, '2024-01-20 10:51:01', 3, 81.02),
(12, 4, 5, 5.00, '2024-01-20 11:30:30', 4, 120.5),
(13, 1, 1, 3.00, '2024-01-14 09:30:00', 1, 0),
(13, 2, 4, 2.00, '2024-01-14 10:10:00', 2, 40),
(13, 3, 3, 4.00, '2024-01-14 10:50:01', 3, 80.02),
(13, 4, 5, 5.00, '2024-01-14 11:30:29', 4, 120.48),
(14, 1, 3, 3.00, '2024-01-22 15:00:00', 1, 0),
(14, 2, 6, 2.50, '2024-01-22 15:24:34', 2, 24.57),
(14, 3, 10, 4.00, '2024-01-22 15:51:13', 1, 51.22),
(15, 1, 3, 3.00, '2024-01-09 15:00:00', 1, 0),
(15, 2, 6, 1.50, '2024-01-09 15:25:46', 2, 25.77),
(15, 3, 10, 4.00, '2024-01-09 15:51:40', 1, 51.67);